nmi,kernel,format,dims,minPts,eps,delta,lambda,kappa
0.124412557778697,wl1,matrix,50,5,5,20,50,100
0.06591551127818306,wl2,vector,50,10,0.75,1,50,100
